Date,Open,High,Low,Close,Volume
25-Sep-12,38.21,38.27,37.66,37.68,20299109
24-Sep-12,37.81,38.24,37.81,38.12,21901914
21-Sep-12,38.73,38.74,37.88,38.03,98988831
20-Sep-12,38.39,38.87,38.38,38.64,26963339
19-Sep-12,38.66,38.81,38.41,38.52,26277357
18-Sep-12,38.38,39.00,38.30,38.62,24374217
17-Sep-12,38.16,38.38,38.03,38.35,23594470
14-Sep-12,38.55,38.55,38.01,38.12,25093649
13-Sep-12,37.73,38.49,37.61,38.35,23803484
12-Sep-12,37.79,37.83,37.51,37.55,14633783
11-Sep-12,37.63,37.83,37.56,37.77,16506229
10-Sep-12,37.96,37.98,37.59,37.66,18218704
7-Sep-12,38.38,38.50,37.74,37.90,16393193
6-Sep-12,37.78,38.30,37.70,38.15,19853443
5-Sep-12,37.36,37.62,37.11,37.51,20839147
4-Sep-12,37.52,37.59,37.22,37.28,17300819
31-Aug-12,37.41,37.58,37.15,37.40,20711518
30-Aug-12,37.38,37.63,37.13,37.14,17041897
29-Aug-12,38.05,38.05,37.38,37.46,23436918
28-Aug-12,38.14,38.32,37.77,38.00,16149003
27-Aug-12,38.56,38.56,38.12,38.17,9589801
24-Aug-12,38.07,38.55,38.07,38.47,9317730
23-Aug-12,38.81,38.84,38.02,38.11,14973650
22-Aug-12,39.14,39.25,38.69,38.77,13482367
21-Aug-12,39.41,39.69,39.23,39.26,8329064
20-Aug-12,39.54,39.59,39.26,39.47,9213087
17-Aug-12,39.65,39.73,39.27,39.53,4295612
16-Aug-12,39.38,39.63,39.32,39.55,2357500
15-Aug-12,39.45,39.55,39.23,39.35,2211802
14-Aug-12,39.56,39.64,39.25,39.38,3197873
13-Aug-12,39.30,39.39,39.05,39.30,2578244
10-Aug-12,39.58,39.58,39.30,39.40,10969788
9-Aug-12,39.79,39.86,39.42,39.62,2227690
8-Aug-12,39.92,40.00,39.68,39.78,2140714
7-Aug-12,40.45,40.48,39.88,39.88,3729620
6-Aug-12,40.50,40.62,40.31,40.32,3573076
3-Aug-12,40.11,40.50,40.02,40.42,3471256
2-Aug-12,40.36,40.50,39.76,39.88,13393086
1-Aug-12,40.48,40.62,40.30,40.50,12955904
31-Jul-12,40.35,40.66,40.20,40.40,16333784
30-Jul-12,39.88,40.58,39.78,40.56,15947768
27-Jul-12,39.52,40.12,39.45,40.00,17824998
26-Jul-12,38.85,39.46,38.85,39.42,14144474
25-Jul-12,38.48,38.61,38.36,38.51,9021236
24-Jul-12,38.45,38.48,38.05,38.33,10445926
23-Jul-12,38.28,38.50,38.18,38.44,10656006
20-Jul-12,38.64,38.68,38.40,38.52,16437528
19-Jul-12,38.76,38.80,38.25,38.78,18052112
18-Jul-12,38.82,38.84,38.41,38.72,13851912
17-Jul-12,39.03,39.33,38.38,38.84,21154720
16-Jul-12,38.55,38.70,38.10,38.24,17580328
13-Jul-12,38.32,38.80,38.17,38.64,13307418
12-Jul-12,38.52,38.64,38.26,38.32,19112140
11-Jul-12,38.95,38.98,38.58,38.73,13645906
10-Jul-12,39.26,39.27,38.91,38.99,11583810
9-Jul-12,39.03,39.10,38.86,38.99,8615428
6-Jul-12,39.01,39.14,38.92,39.08,10036316
5-Jul-12,39.51,39.57,39.10,39.22,10546314
3-Jul-12,39.44,39.68,39.36,39.58,7343284
2-Jul-12,39.05,39.50,39.00,39.46,13352042
29-Jun-12,38.56,39.10,38.54,39.10,18521476
28-Jun-12,38.05,38.34,37.84,38.28,10891102
27-Jun-12,37.62,38.24,37.62,38.17,13644262
26-Jun-12,37.50,37.68,37.10,37.54,11859342
25-Jun-12,37.23,37.42,37.08,37.38,9734284
22-Jun-12,37.48,37.65,37.43,37.47,15268262
21-Jun-12,37.90,38.00,37.31,37.34,12803840
20-Jun-12,37.84,37.87,37.42,37.78,14707038
19-Jun-12,38.12,38.12,37.83,37.87,11115296
18-Jun-12,37.98,38.21,37.88,37.99,10457618
15-Jun-12,38.06,38.10,37.71,38.04,19760800
14-Jun-12,37.40,38.00,37.35,37.87,13945348
13-Jun-12,37.30,37.56,37.24,37.34,9376072
12-Jun-12,37.49,37.62,37.17,37.60,11911082
11-Jun-12,37.86,37.89,37.31,37.33,10659204
8-Jun-12,37.08,37.68,37.08,37.62,11595488
7-Jun-12,37.50,37.53,37.10,37.14,14342938
6-Jun-12,36.70,37.30,36.65,37.30,12496370
5-Jun-12,36.66,36.82,33.62,36.62,12275438
4-Jun-12,36.52,36.87,36.28,36.82,13397714
1-Jun-12,37.00,37.22,36.50,36.54,20844544
31-May-12,37.48,37.61,37.33,37.36,15157598
30-May-12,37.54,37.62,37.41,37.53,13884618
29-May-12,37.86,37.86,37.53,37.73,10533760
25-May-12,37.81,37.84,37.50,37.62,8999416
24-May-12,37.40,37.92,37.30,37.78,20204652
23-May-12,37.00,37.28,36.91,37.28,18008700
22-May-12,37.29,37.29,36.96,37.10,15260600
21-May-12,37.10,37.30,37.06,37.26,13489370
18-May-12,37.62,37.64,36.74,37.02,31913452
17-May-12,38.08,38.15,37.50,37.56,22311370
16-May-12,38.33,38.42,37.96,38.16,17804660
15-May-12,38.28,38.58,38.13,38.28,16398074
14-May-12,38.56,38.62,38.31,38.44,15411682
11-May-12,38.60,38.87,38.60,38.74,10603818
10-May-12,38.60,38.85,38.60,38.70,12665306
9-May-12,38.30,38.60,38.24,38.39,14081908
8-May-12,38.50,38.64,38.31,38.57,10579522
7-May-12,38.48,38.72,38.42,38.64,8965336
4-May-12,38.66,38.80,38.48,38.50,13160678
3-May-12,38.68,38.82,38.60,38.72,15611992
2-May-12,38.37,38.62,38.32,38.58,16559324
1-May-12,38.27,38.50,38.14,38.46,13842292
30-Apr-12,38.21,38.45,37.96,38.16,26521134
27-Apr-12,37.98,38.91,37.96,38.32,23702214
26-Apr-12,37.48,37.98,37.41,37.86,16782266
25-Apr-12,37.27,37.52,37.16,37.46,18597574
24-Apr-12,36.96,37.18,36.86,37.06,10296204
23-Apr-12,36.99,37.04,36.66,36.84,10474160
20-Apr-12,36.98,37.18,36.87,37.06,13460876
19-Apr-12,37.14,37.17,36.71,36.91,10731492
18-Apr-12,36.91,37.18,36.86,37.08,11779692
17-Apr-12,36.59,37.24,36.59,36.98,22614624
16-Apr-12,36.11,36.40,36.07,36.22,14148138
13-Apr-12,36.11,36.30,35.97,35.97,10525550
12-Apr-12,36.08,36.13,35.91,36.11,10640440
11-Apr-12,36.22,36.24,35.92,36.06,12034198
10-Apr-12,36.29,36.31,35.98,36.01,17290436
9-Apr-12,36.48,36.56,36.37,36.44,9806688
5-Apr-12,36.64,36.76,36.54,36.74,11531538
4-Apr-12,36.64,36.80,36.61,36.73,12487378
3-Apr-12,36.84,37.04,36.73,36.88,12955220
2-Apr-12,36.92,37.10,36.82,37.07,14578978
30-Mar-12,36.81,37.07,36.66,37.00,26560698
29-Mar-12,36.18,37.20,36.14,36.90,41063966
28-Mar-12,35.98,36.41,35.95,36.33,26260640
27-Mar-12,35.91,35.99,35.82,35.94,11430326
26-Mar-12,35.87,35.95,35.80,35.95,11536568
23-Mar-12,35.70,35.80,35.64,35.74,16206890
22-Mar-12,35.50,35.79,35.47,35.71,14253058
21-Mar-12,35.24,35.70,35.18,35.56,19870672
20-Mar-12,35.02,35.38,34.96,35.30,10180276
19-Mar-12,35.10,35.26,35.00,35.20,10652228
16-Mar-12,35.19,35.23,34.94,35.08,22899238
15-Mar-12,35.14,35.17,34.89,35.16,17991302
14-Mar-12,35.13,35.31,35.05,35.11,12917810
13-Mar-12,34.76,35.14,34.76,35.12,18067852
12-Mar-12,34.74,35.17,34.67,35.08,18146946
9-Mar-12,34.72,34.87,34.66,34.76,36742432
8-Mar-12,34.59,34.75,34.55,34.64,33754766
7-Mar-12,34.38,34.47,34.25,34.40,10936676
6-Mar-12,34.41,34.54,34.32,34.38,13161968
5-Mar-12,34.51,34.67,34.50,34.62,10338482
2-Mar-12,34.70,34.80,34.48,34.59,11996234
1-Mar-12,34.94,34.98,34.70,34.80,15299320
29-Feb-12,34.45,34.99,34.45,34.93,23467180
28-Feb-12,34.48,34.55,34.40,34.42,9049588
27-Feb-12,34.34,34.50,34.26,34.42,12086118
24-Feb-12,34.68,34.75,34.42,34.50,12485304
23-Feb-12,34.54,34.65,34.46,34.59,11119988
22-Feb-12,34.30,34.67,34.30,34.62,13766522
21-Feb-12,34.44,34.52,34.25,34.41,13428482
17-Feb-12,34.54,34.58,34.30,34.52,14841646
16-Feb-12,34.30,34.50,34.21,34.43,11751820
15-Feb-12,34.62,34.62,34.12,34.20,14778568
14-Feb-12,34.24,34.46,34.05,34.45,12595942
13-Feb-12,34.21,34.30,33.97,34.22,11090926
10-Feb-12,33.76,33.97,33.71,33.97,10996762
9-Feb-12,34.18,34.20,33.88,33.98,16312730
8-Feb-12,34.42,34.42,34.10,34.16,16428362
7-Feb-12,34.04,34.72,33.82,34.28,24270922
6-Feb-12,33.92,34.12,33.85,34.02,14591826
3-Feb-12,34.13,34.24,33.92,34.04,16556194
2-Feb-12,34.04,34.12,33.88,33.92,13150292
1-Feb-12,33.94,34.17,33.90,33.92,14918750
31-Jan-12,33.99,33.99,33.59,33.76,13544318
30-Jan-12,33.64,33.78,33.52,33.73,10591592
27-Jan-12,33.96,34.07,33.62,33.72,16825360
26-Jan-12,34.31,34.31,33.88,34.00,14721234
25-Jan-12,33.96,34.25,33.77,34.22,14475908
24-Jan-12,34.08,34.25,33.86,33.95,14751848
23-Jan-12,34.00,34.31,33.96,34.26,13803050
20-Jan-12,33.77,34.06,33.70,34.04,19171992
19-Jan-12,33.82,33.87,33.63,33.72,13544804
18-Jan-12,33.73,33.91,33.59,33.80,13288832
17-Jan-12,33.87,33.94,33.66,33.68,15576930
13-Jan-12,33.50,33.50,33.50,33.50,0
12-Jan-12,34.21,34.25,33.68,33.78,15238274
11-Jan-12,34.18,34.38,33.78,34.03,23428896
10-Jan-12,34.74,34.76,34.56,34.67,12964298
9-Jan-12,34.50,34.58,34.40,34.46,10522724
6-Jan-12,34.74,34.81,34.31,34.46,13646430
5-Jan-12,34.88,34.93,34.68,34.68,14287550
4-Jan-12,34.96,35.04,34.75,34.85,14239030
3-Jan-12,35.08,35.36,35.05,35.07,15639732
30-Dec-11,34.98,34.98,34.98,34.98,0
29-Dec-11,34.80,35.10,34.76,35.08,8733998
28-Dec-11,34.91,35.02,34.70,34.76,8209876
27-Dec-11,34.90,35.10,34.90,34.94,10099926
23-Dec-11,34.97,34.97,34.97,34.97,0
22-Dec-11,34.67,34.80,34.44,34.60,15586948
21-Dec-11,34.26,34.90,34.16,34.78,18730402
20-Dec-11,33.94,34.32,33.92,34.20,15930948
19-Dec-11,33.73,33.94,33.61,33.68,11775292
16-Dec-11,33.74,33.86,33.63,33.72,23957038
15-Dec-11,33.46,33.70,33.40,33.44,13474480
14-Dec-11,33.12,33.46,33.03,33.13,15762016
13-Dec-11,33.54,33.64,33.14,33.24,14281778
12-Dec-11,33.63,33.75,33.16,33.44,13380092
9-Dec-11,33.56,33.88,33.46,33.78,18298418
8-Dec-11,33.35,33.62,33.28,33.36,16118468
7-Dec-11,33.28,33.54,33.10,33.39,16837600
6-Dec-11,33.24,33.51,33.07,33.34,16731142
5-Dec-11,33.47,33.60,32.94,33.16,17955346
2-Dec-11,33.73,33.78,33.08,33.19,21170646
1-Dec-11,33.50,33.79,33.34,33.42,15428922
30-Nov-11,33.67,33.98,33.36,33.62,25300262
29-Nov-11,32.58,33.25,32.50,33.10,21656612
28-Nov-11,32.63,32.88,32.38,32.58,21318096
25-Nov-11,32.58,32.68,32.37,32.37,7572602
23-Nov-11,32.44,32.44,32.44,32.44,0
22-Nov-11,32.80,33.18,32.77,32.98,11787900
21-Nov-11,33.34,33.44,32.70,32.98,18588166
18-Nov-11,33.60,33.86,33.45,33.70,18688320
17-Nov-11,33.47,33.70,33.05,33.31,17467200
16-Nov-11,33.84,33.90,33.46,33.50,17783120
15-Nov-11,33.89,34.22,33.74,34.00,12217562
14-Nov-11,33.90,33.98,33.71,33.90,9429222
11-Nov-11,33.98,34.30,33.98,34.06,12882744
10-Nov-11,33.80,33.88,33.46,33.70,16201668
9-Nov-11,33.92,34.00,33.43,33.52,18243280
8-Nov-11,34.14,34.36,33.90,34.32,12063456
7-Nov-11,33.83,34.14,33.64,34.10,12514664
4-Nov-11,33.98,34.08,33.64,33.89,15177222
3-Nov-11,34.05,34.41,34.00,34.32,17363244
2-Nov-11,33.71,34.03,33.68,33.88,14538810
1-Nov-11,33.56,33.75,33.39,33.52,23694194
31-Oct-11,34.32,34.52,34.14,34.16,18998506
28-Oct-11,34.26,34.49,34.20,34.46,17307346
27-Oct-11,34.46,34.54,34.05,34.28,26706134
26-Oct-11,33.64,33.77,33.20,33.74,16041184
25-Oct-11,33.96,33.96,33.40,33.48,14228088
24-Oct-11,34.20,34.32,33.80,33.94,13609126
21-Oct-11,33.97,34.16,33.73,34.10,23150490
20-Oct-11,33.74,33.79,33.29,33.56,13323888
19-Oct-11,33.50,33.91,33.44,33.52,15389260
18-Oct-11,33.62,33.74,33.20,33.37,23650928
17-Oct-11,33.91,33.92,33.41,33.50,20233926
14-Oct-11,34.10,34.10,33.68,33.92,13506830
13-Oct-11,33.66,33.79,33.44,33.70,12909314
12-Oct-11,33.62,33.98,33.40,33.74,17549604
11-Oct-11,33.36,33.60,33.30,33.40,11160806
10-Oct-11,33.28,33.46,33.00,33.45,12356430
7-Oct-11,33.26,33.26,32.70,32.95,18857762
6-Oct-11,32.98,33.00,32.22,32.70,25205328
5-Oct-11,32.74,32.80,32.28,32.76,23037882
4-Oct-11,32.40,32.72,31.67,32.62,30828574
3-Oct-11,33.30,33.46,32.56,32.71,38471052
30-Sep-11,34.22,34.55,33.78,33.78,25028244
29-Sep-11,34.46,34.82,34.09,34.52,21372600
28-Sep-11,34.91,35.08,33.94,34.03,19032068
27-Sep-11,35.06,35.20,34.64,34.78,22249362
26-Sep-11,34.00,34.44,33.83,34.38,24008040
23-Sep-11,33.68,33.86,33.44,33.71,24284330
22-Sep-11,33.68,34.08,33.31,33.91,36341408
21-Sep-11,35.42,35.54,34.64,34.64,23531486
20-Sep-11,35.40,35.74,35.26,35.32,18314132
19-Sep-11,35.04,35.34,34.98,35.24,28571958
16-Sep-11,35.69,35.84,35.51,35.62,34621936
15-Sep-11,34.96,35.51,34.92,35.51,21186248
14-Sep-11,34.67,35.25,34.27,34.88,22250224
13-Sep-11,34.48,34.66,34.29,34.55,21423010
12-Sep-11,34.22,34.77,34.10,34.69,29144062
9-Sep-11,35.30,35.32,34.36,34.68,32893096
8-Sep-11,35.33,35.88,35.28,35.58,24869232
7-Sep-11,35.00,35.42,34.96,35.40,21305340
6-Sep-11,33.72,34.77,33.70,34.72,25784514
2-Sep-11,34.86,35.00,34.75,34.87,17531058
1-Sep-11,35.04,35.55,34.89,35.22,23529854
31-Aug-11,34.94,35.38,34.83,35.22,22322616
30-Aug-11,34.89,35.14,34.76,34.93,31681386
29-Aug-11,34.48,34.92,34.44,34.86,17660410
26-Aug-11,33.96,34.38,33.35,34.25,19849562
25-Aug-11,34.80,34.80,33.88,33.98,25319832
24-Aug-11,34.42,34.86,34.28,34.84,19475810
23-Aug-11,33.74,34.53,33.66,34.53,23951730
22-Aug-11,34.00,34.03,33.58,33.64,19656198
19-Aug-11,33.76,34.14,33.43,33.55,30478432
18-Aug-11,34.12,34.47,33.53,33.88,39571598
17-Aug-11,34.23,34.68,34.08,34.64,23175822
16-Aug-11,33.84,34.24,33.78,34.08,21414640
15-Aug-11,33.74,34.21,33.63,34.10,23081498
12-Aug-11,33.50,33.88,33.20,33.57,20310232
11-Aug-11,32.00,33.66,31.96,33.24,38406726
10-Aug-11,33.12,33.25,31.85,31.98,38237106
9-Aug-11,32.91,33.44,31.80,33.34,43130032
8-Aug-11,33.09,33.60,32.48,32.56,50099044
5-Aug-11,33.14,33.63,32.52,33.38,43916474
4-Aug-11,33.88,34.06,32.87,32.91,32327660
3-Aug-11,33.50,34.28,33.48,34.20,28086690
2-Aug-11,33.70,33.80,33.54,33.54,18138248
1-Aug-11,34.25,34.26,33.52,33.86,17654470
29-Jul-11,34.18,34.42,33.95,34.00,20554916
28-Jul-11,34.32,34.64,34.31,34.40,15270622
27-Jul-11,34.38,34.62,34.27,34.34,18677766
26-Jul-11,34.68,34.73,34.54,34.60,11830624
25-Jul-11,34.56,34.78,34.50,34.63,13155378
22-Jul-11,34.78,34.91,34.74,34.86,13326930
21-Jul-11,34.41,34.81,34.25,34.67,22085434
20-Jul-11,34.62,34.67,34.40,34.44,15833820
19-Jul-11,33.85,34.89,33.76,34.66,37415394
18-Jul-11,33.63,33.72,33.30,33.56,14792882
15-Jul-11,33.92,33.94,33.64,33.76,17492976
14-Jul-11,33.98,34.17,33.68,33.84,15011132
13-Jul-11,34.08,34.22,33.88,34.03,14687838
12-Jul-11,33.98,34.22,33.86,33.92,13351754
11-Jul-11,33.88,34.14,33.86,34.05,14152258
8-Jul-11,34.18,34.34,34.06,34.34,12671522
7-Jul-11,34.41,34.44,34.29,34.38,12424014
6-Jul-11,34.16,34.38,34.14,34.26,11486078
5-Jul-11,34.04,34.40,34.04,34.15,14782984
1-Jul-11,34.04,34.04,34.04,34.04,0
30-Jun-11,33.49,33.74,33.41,33.64,15594708
29-Jun-11,33.10,33.42,33.09,33.36,17035310
28-Jun-11,32.76,33.05,32.68,33.02,12932338
27-Jun-11,32.42,32.73,32.42,32.60,14778586
24-Jun-11,32.54,32.69,32.36,32.46,32073778
23-Jun-11,32.96,32.98,32.22,32.49,26468110
22-Jun-11,33.14,33.41,33.06,33.20,15714820
21-Jun-11,33.06,33.14,32.88,33.13,14264898
20-Jun-11,32.68,33.07,32.68,32.92,11091622
17-Jun-11,32.94,33.12,32.81,32.81,21341146
16-Jun-11,32.48,32.88,32.40,32.74,15543782
15-Jun-11,32.70,32.75,32.32,32.48,16378418
14-Jun-11,32.70,32.92,32.65,32.80,14044916
13-Jun-11,32.55,32.62,32.40,32.56,19081582
10-Jun-11,32.84,32.91,32.62,32.70,14003160
9-Jun-11,32.72,34.03,32.64,32.94,13112328
8-Jun-11,32.62,32.76,32.54,32.70,11752812
7-Jun-11,32.76,32.86,32.59,32.60,11534050
6-Jun-11,32.76,32.88,32.68,32.71,10442352
3-Jun-11,32.64,32.92,32.61,32.76,12937820
2-Jun-11,33.32,33.38,32.81,33.02,14269468
1-Jun-11,33.30,33.59,33.30,33.38,14883546
31-May-11,33.47,33.62,33.32,33.40,20293966
27-May-11,33.26,33.26,33.26,33.26,0
26-May-11,33.37,33.46,33.15,33.35,14878300
25-May-11,33.64,33.75,33.41,33.46,13136230
24-May-11,33.83,33.89,33.60,33.74,10881338
23-May-11,33.80,33.95,33.59,33.74,13237742
20-May-11,34.16,34.26,33.94,34.15,12977966
19-May-11,34.20,34.35,34.00,34.23,12971826
18-May-11,34.00,34.18,33.82,34.15,13429020
17-May-11,33.86,34.09,33.75,34.00,13299264
16-May-11,34.05,34.12,33.86,33.92,12362058
13-May-11,34.14,34.38,34.01,34.09,16000540
12-May-11,33.68,34.22,33.58,34.16,17104508
11-May-11,33.64,33.84,33.45,33.66,11221230
10-May-11,33.50,33.73,33.49,33.67,11120404
9-May-11,33.43,33.64,33.42,33.48,8886106
6-May-11,33.72,33.79,33.36,33.45,17059808
5-May-11,33.85,33.87,33.20,33.35,14220502
4-May-11,33.93,33.96,33.60,33.73,13548296
3-May-11,33.86,33.95,33.78,33.94,10547582
2-May-11,33.88,33.93,33.73,33.86,12518936
29-Apr-11,33.78,33.88,33.64,33.73,14824164
28-Apr-11,33.47,33.72,33.33,33.70,14086360
27-Apr-11,33.68,33.71,33.28,33.50,16872880
26-Apr-11,33.32,33.52,32.90,33.46,32710418
25-Apr-11,33.98,33.99,33.66,33.87,10712908
21-Apr-11,33.94,33.94,33.94,33.94,0
20-Apr-11,33.94,34.02,33.80,33.92,12838810
19-Apr-11,33.60,33.75,33.48,33.54,10709752
18-Apr-11,33.78,33.82,33.32,33.66,16113978
15-Apr-11,34.16,34.18,33.94,34.00,17519188
14-Apr-11,33.67,34.24,33.54,34.16,23882432
13-Apr-11,33.62,33.74,33.48,33.64,8503558
12-Apr-11,33.49,33.56,33.20,33.45,16620366
11-Apr-11,33.63,33.92,33.40,33.70,14665396
8-Apr-11,33.70,33.82,33.43,33.64,11209412
7-Apr-11,33.72,33.88,33.47,33.72,12752802
6-Apr-11,33.78,33.91,33.60,33.82,14110278
5-Apr-11,33.75,33.88,33.66,33.74,12489690
4-Apr-11,33.61,33.90,33.58,33.83,13486752
1-Apr-11,33.44,33.74,33.30,33.61,18740142
31-Mar-11,32.98,33.42,32.98,33.17,17773156
30-Mar-11,32.86,33.24,32.80,33.02,18839690
29-Mar-11,32.60,32.86,32.54,32.86,11572294
28-Mar-11,32.60,32.74,32.52,32.52,11606628
25-Mar-11,32.44,32.70,32.41,32.61,12428898
24-Mar-11,32.29,32.54,32.28,32.34,13322426
23-Mar-11,31.64,32.26,31.62,32.14,12966340
22-Mar-11,31.84,31.88,31.62,31.76,8435582
21-Mar-11,31.56,31.93,31.52,31.78,12553622
18-Mar-11,31.48,31.65,31.22,31.35,23663556
17-Mar-11,31.22,31.40,30.96,31.14,20142648
16-Mar-11,31.34,31.44,30.64,30.80,31989090
15-Mar-11,31.48,31.64,31.18,31.52,25481412
14-Mar-11,32.17,32.30,31.76,31.97,17809200
11-Mar-11,32.46,32.56,32.24,32.40,12015330
10-Mar-11,32.62,32.77,32.48,32.64,17909514
9-Mar-11,32.76,32.84,32.63,32.81,14824760
8-Mar-11,32.70,32.92,32.61,32.82,20731104
7-Mar-11,32.66,32.87,32.24,32.61,23639374
4-Mar-11,32.70,32.78,32.38,32.60,23069086
3-Mar-11,32.40,32.94,32.39,32.78,29019586
2-Mar-11,32.30,32.41,32.06,32.22,20775892
1-Mar-11,32.14,32.62,32.10,32.46,31085498
28-Feb-11,32.08,32.24,31.93,31.96,19381912
25-Feb-11,31.88,32.20,31.86,32.16,11442250
24-Feb-11,32.10,32.18,31.86,31.94,17067158
23-Feb-11,31.89,32.17,31.85,31.96,18202888
22-Feb-11,31.68,32.14,31.66,31.88,17951354
18-Feb-11,32.28,32.28,32.28,32.28,0
17-Feb-11,31.69,32.36,31.64,32.28,18453794
16-Feb-11,31.54,31.74,31.44,31.70,12996334
15-Feb-11,31.46,31.61,31.28,31.60,16289718
14-Feb-11,31.84,31.88,31.50,31.57,12134926
11-Feb-11,31.62,31.83,31.56,31.78,19100346
10-Feb-11,31.58,31.77,31.41,31.77,18361340
9-Feb-11,32.05,32.38,31.44,31.58,29995010
8-Feb-11,31.22,31.46,31.17,31.44,13068724
7-Feb-11,31.34,31.34,31.16,31.26,12013636
4-Feb-11,31.32,31.43,31.18,31.28,9384868
3-Feb-11,31.35,31.49,31.06,31.28,12998252
2-Feb-11,31.58,31.74,31.28,31.43,15597650
1-Feb-11,31.44,31.66,31.42,31.52,16027920
31-Jan-11,31.16,31.42,30.94,31.42,15717762
28-Jan-11,31.42,31.64,31.07,31.10,23842280
27-Jan-11,31.60,31.60,31.32,31.35,13521192
26-Jan-11,31.58,31.64,31.43,31.48,13657504
25-Jan-11,31.61,31.66,31.27,31.48,18197208
24-Jan-11,31.44,31.64,31.34,31.62,15065014
21-Jan-11,31.59,31.60,31.36,31.38,16723780
20-Jan-11,31.81,31.94,31.38,31.46,20595310
19-Jan-11,31.84,31.96,31.60,31.71,18338222
18-Jan-11,31.60,31.87,31.58,31.74,16343860
14-Jan-11,31.56,31.56,31.56,31.56,0
13-Jan-11,31.62,31.93,31.56,31.70,17947478
12-Jan-11,31.60,31.68,31.35,31.52,14225056
11-Jan-11,31.67,31.71,31.34,31.34,15515432
10-Jan-11,31.35,31.60,31.28,31.53,14907694
7-Jan-11,31.39,31.50,31.28,31.46,16596904
6-Jan-11,31.81,31.83,31.42,31.52,21728464
5-Jan-11,31.90,31.98,31.43,31.74,34390410
4-Jan-11,32.51,32.60,31.90,31.94,27941600
3-Jan-11,32.94,32.94,32.56,32.61,18947000
31-Dec-10,32.68,32.90,32.68,32.88,10773350
30-Dec-10,32.72,32.80,32.68,32.75,9285696
29-Dec-10,32.70,32.83,32.68,32.72,8755776
28-Dec-10,32.56,32.72,32.53,32.68,9868470
27-Dec-10,32.78,32.78,32.53,32.54,9924480
23-Dec-10,32.79,32.79,32.79,32.79,0
22-Dec-10,32.70,32.80,32.52,32.80,15419708
21-Dec-10,32.68,32.80,32.58,32.74,18731210
20-Dec-10,32.73,32.87,32.60,32.66,18271358
17-Dec-10,32.51,32.88,32.42,32.85,29294110
16-Dec-10,32.42,32.72,32.34,32.67,28828048
15-Dec-10,31.95,32.48,31.88,32.37,26126542
14-Dec-10,32.42,32.44,31.85,31.95,27936784
13-Dec-10,32.20,32.48,32.15,32.42,18758408
10-Dec-10,32.44,32.45,32.14,32.32,17909264
9-Dec-10,32.30,32.46,32.28,32.42,19628072
8-Dec-10,32.04,32.22,32.04,32.20,18242994
7-Dec-10,32.20,32.28,32.06,32.07,19724846
6-Dec-10,32.18,32.24,32.00,32.00,22223596
3-Dec-10,32.40,32.47,32.24,32.25,20685642
2-Dec-10,32.32,32.48,32.26,32.45,22773558
1-Dec-10,31.97,32.40,31.92,32.35,20951582
30-Nov-10,31.48,31.79,31.46,31.58,23550884
29-Nov-10,31.78,31.82,31.44,31.70,22400974
26-Nov-10,32.06,32.18,32.00,32.06,9017210
24-Nov-10,32.30,32.30,32.30,32.30,0
23-Nov-10,31.96,32.00,31.64,31.81,17678204
22-Nov-10,32.03,32.16,31.79,32.14,33680456
19-Nov-10,31.80,32.16,31.78,32.16,40774830
18-Nov-10,31.44,31.98,31.42,31.92,41436492
17-Nov-10,31.07,31.36,31.05,31.26,16762324
16-Nov-10,31.46,31.49,30.91,31.04,23639758
15-Nov-10,31.44,31.66,31.41,31.48,22959946
12-Nov-10,31.36,31.48,31.20,31.46,20033596
11-Nov-10,31.24,31.40,31.18,31.40,16253574
10-Nov-10,31.28,31.32,31.15,31.28,18017032
9-Nov-10,31.24,31.36,31.18,31.32,16640824
8-Nov-10,31.25,31.28,31.15,31.23,11142170
5-Nov-10,31.21,31.32,31.00,31.29,16015536
4-Nov-10,30.97,31.32,30.94,31.22,27486892
3-Nov-10,30.92,30.98,30.64,30.98,15692398
2-Nov-10,30.90,30.97,30.89,30.93,13215768
1-Nov-10,30.68,30.98,30.60,30.86,18001176
29-Oct-10,30.58,30.75,30.52,30.66,14240276
28-Oct-10,30.64,30.78,30.44,30.60,16543616
27-Oct-10,30.51,30.60,30.15,30.60,19038260
26-Oct-10,30.40,30.68,30.38,30.62,15506188
25-Oct-10,30.64,30.88,30.50,30.50,21228406
22-Oct-10,30.74,30.87,30.72,30.80,9535296
21-Oct-10,30.50,30.88,30.50,30.74,23312876
20-Oct-10,30.18,30.84,30.18,30.58,32412086
19-Oct-10,29.98,30.24,29.92,30.17,35058776
18-Oct-10,29.90,30.00,29.90,30.00,19674506
15-Oct-10,29.98,29.99,29.87,29.97,19699200
14-Oct-10,29.97,29.99,29.84,29.96,14502778
13-Oct-10,29.86,29.98,29.83,29.97,24015570
12-Oct-10,29.67,29.90,29.67,29.80,16173912
11-Oct-10,29.78,29.81,29.66,29.78,12998244
8-Oct-10,29.74,29.85,29.53,29.70,16197798
7-Oct-10,29.84,29.84,29.60,29.72,14967368
6-Oct-10,29.82,29.90,29.68,29.90,14125330
5-Oct-10,29.58,29.86,29.50,29.83,20073404
4-Oct-10,29.46,29.52,29.28,29.44,11526244
1-Oct-10,29.52,29.62,29.26,29.56,16468564
30-Sep-10,29.43,29.58,29.12,29.26,15849576
29-Sep-10,29.50,29.50,29.21,29.38,15755330
28-Sep-10,29.30,29.62,29.18,29.55,19884016
27-Sep-10,29.38,29.43,29.28,29.30,10544444
24-Sep-10,29.16,29.40,29.12,29.31,13819340
23-Sep-10,29.01,29.14,28.86,28.94,12695908
22-Sep-10,29.08,29.26,29.05,29.12,14763978
21-Sep-10,28.90,29.10,28.82,29.06,14759016
20-Sep-10,28.81,29.00,28.78,28.98,14064012
17-Sep-10,28.82,28.99,28.71,28.78,19977792
16-Sep-10,28.70,28.84,28.62,28.76,16577516
15-Sep-10,28.68,28.80,28.61,28.71,17402374
14-Sep-10,28.92,29.06,28.78,28.80,20986038
13-Sep-10,29.24,29.25,28.88,29.02,18025900
10-Sep-10,29.14,29.32,29.00,29.26,18445444
9-Sep-10,29.12,29.24,28.90,29.14,18118380
8-Sep-10,28.86,29.10,28.85,28.92,18378706
7-Sep-10,28.76,28.90,28.70,28.82,14402614
6-Sep-10,28.78,28.78,28.78,28.78,0
3-Sep-10,28.78,28.78,28.78,28.78,0
2-Sep-10,28.71,28.71,28.43,28.69,14702092
1-Sep-10,28.19,28.66,28.14,28.66,24165986
31-Aug-10,27.60,28.02,27.50,27.91,18778176
30-Aug-10,28.10,28.12,27.76,27.78,10232744
27-Aug-10,27.72,28.10,27.52,28.08,19665484
26-Aug-10,27.72,27.76,27.48,27.58,14822034
25-Aug-10,27.71,27.86,27.53,27.70,15863032
24-Aug-10,27.58,27.97,27.58,27.83,24397810
23-Aug-10,27.76,27.94,27.70,27.80,15240174
20-Aug-10,27.46,27.72,27.46,27.65,19263164
19-Aug-10,27.86,27.86,27.48,27.64,18781268
18-Aug-10,28.06,28.06,27.80,27.92,16616946
17-Aug-10,28.01,28.21,27.75,28.06,18060422
16-Aug-10,27.76,27.96,27.56,27.94,13958358
13-Aug-10,27.82,27.99,27.68,27.86,14922038
12-Aug-10,27.76,27.94,27.68,27.84,18782706
11-Aug-10,28.12,28.38,27.99,28.02,24302420
10-Aug-10,28.32,28.70,28.26,28.49,15375830
9-Aug-10,28.18,28.70,28.18,28.56,18738224
6-Aug-10,28.05,28.40,27.82,28.38,18090686
5-Aug-10,28.20,28.21,27.90,28.18,15099606
4-Aug-10,28.26,28.35,28.10,28.28,11974328
3-Aug-10,28.14,28.26,28.03,28.19,15437568
2-Aug-10,27.91,28.24,27.82,28.20,32091200
30-Jul-10,27.36,27.64,27.22,27.56,16706866
29-Jul-10,27.54,27.65,27.33,27.50,18320380
28-Jul-10,27.52,27.60,27.38,27.44,12954744
27-Jul-10,27.46,27.62,27.41,27.52,17905418
26-Jul-10,27.42,27.49,27.35,27.47,13305652
23-Jul-10,27.10,27.42,26.98,27.38,16177386
22-Jul-10,27.00,27.34,26.99,27.13,20692084
21-Jul-10,26.75,27.39,26.64,27.04,36363860
20-Jul-10,25.98,26.68,25.96,26.62,19539156
19-Jul-10,26.27,26.28,26.02,26.14,11367302
16-Jul-10,26.38,26.54,26.10,26.18,19563726
15-Jul-10,26.36,26.48,26.16,26.42,14970044
14-Jul-10,26.28,26.46,26.21,26.41,12392530
13-Jul-10,26.37,26.48,26.30,26.36,13706386
12-Jul-10,26.08,26.24,25.98,26.22,10770484
9-Jul-10,26.18,26.24,26.04,26.20,12948124
8-Jul-10,25.84,26.22,25.78,26.21,21562510
7-Jul-10,25.27,25.80,25.15,25.74,23480028
6-Jul-10,25.30,25.34,25.01,25.22,18338110
5-Jul-10,25.02,25.02,25.02,25.02,0
2-Jul-10,25.02,25.02,25.02,25.02,0
1-Jul-10,25.15,25.15,24.74,25.02,26030832
30-Jun-10,25.19,25.29,25.00,25.06,21933752
29-Jun-10,25.29,25.48,25.05,25.16,23505286
28-Jun-10,25.36,25.69,25.30,25.54,23525340
25-Jun-10,25.90,25.96,25.13,25.13,57969494
24-Jun-10,26.06,26.24,25.84,25.90,17401394
23-Jun-10,26.28,26.32,26.00,26.12,20717952
22-Jun-10,26.23,26.54,26.22,26.23,20804978
21-Jun-10,26.41,26.49,26.14,26.24,18348492
18-Jun-10,26.20,26.36,26.13,26.16,28407778
17-Jun-10,26.25,26.35,26.02,26.18,20744366
16-Jun-10,25.92,26.22,25.88,26.20,16784620
15-Jun-10,25.92,26.10,25.78,26.09,16372490
14-Jun-10,25.97,25.98,25.73,25.76,13656298
11-Jun-10,25.86,25.86,25.56,25.82,14961198
10-Jun-10,25.93,26.25,25.93,26.22,18789914
9-Jun-10,25.78,25.92,25.58,25.68,17661970
8-Jun-10,25.40,25.91,25.26,25.78,22429716
7-Jun-10,25.62,25.75,25.38,25.40,20177654
4-Jun-10,26.07,26.07,25.51,25.64,23942774
3-Jun-10,26.34,26.50,26.22,26.38,23564304
2-Jun-10,25.77,26.20,25.58,26.20,18742106
1-Jun-10,25.56,26.06,25.36,25.64,24274716
31-May-10,25.70,25.70,25.70,25.70,0
28-May-10,25.70,25.70,25.70,25.70,0
27-May-10,25.30,25.62,25.13,25.62,22663600
26-May-10,25.42,25.44,24.97,25.04,32614288
25-May-10,25.18,25.36,24.97,25.31,28693790
24-May-10,25.60,25.93,25.51,25.73,16918828
21-May-10,25.42,25.86,25.15,25.80,34233942
20-May-10,26.25,26.25,25.76,25.77,29294660
19-May-10,26.50,26.68,26.23,26.56,21119632
18-May-10,26.85,26.86,26.54,26.55,20437490
17-May-10,26.74,26.78,26.42,26.70,17395604
14-May-10,26.68,26.82,26.43,26.67,25868138
13-May-10,26.98,27.00,26.72,26.74,19321048
12-May-10,26.90,27.05,26.71,27.01,24005340
11-May-10,26.81,27.04,26.75,26.80,23167288
10-May-10,26.92,27.04,26.62,27.02,35311764
7-May-10,26.10,26.42,25.77,26.34,43535708
6-May-10,26.84,27.10,25.60,26.15,47916690
5-May-10,26.72,26.95,26.60,26.83,23670976
4-May-10,26.70,26.90,26.52,26.59,23282728
3-May-10,26.86,26.98,26.63,26.88,16123482
30-Apr-10,26.81,26.98,26.70,26.72,19349540
29-Apr-10,26.81,27.10,26.78,26.87,17437428
28-Apr-10,26.50,26.78,26.28,26.68,24756314
27-Apr-10,26.83,26.93,26.42,26.44,27600258
26-Apr-10,27.00,27.18,26.86,26.86,17891942
23-Apr-10,27.23,27.23,26.87,26.94,21675866
22-Apr-10,27.07,27.26,27.00,27.16,20299216
21-Apr-10,27.28,27.29,27.00,27.10,19263080
20-Apr-10,27.61,27.64,27.16,27.24,32516638
19-Apr-10,27.49,27.66,27.46,27.66,26471530
16-Apr-10,27.12,27.57,27.08,27.48,35079346
15-Apr-10,27.38,27.38,27.06,27.13,20350880
14-Apr-10,27.52,27.53,27.32,27.48,13865120
13-Apr-10,27.34,27.54,27.32,27.51,15057916
12-Apr-10,27.32,27.43,27.26,27.38,16930468
9-Apr-10,26.96,27.30,26.92,27.30,20641628
8-Apr-10,26.89,26.89,26.72,26.88,19466764
7-Apr-10,27.15,27.15,26.78,26.91,24060698
6-Apr-10,27.42,27.42,27.11,27.14,17604012
5-Apr-10,27.78,27.78,27.32,27.43,19192012
2-Apr-10,27.60,27.60,27.60,27.60,0
1-Apr-10,27.60,27.60,27.60,27.60,0
31-Mar-10,27.40,27.64,27.25,27.50,22922002
30-Mar-10,27.45,27.52,27.30,27.44,13631482
29-Mar-10,27.40,27.48,27.34,27.38,13853592
26-Mar-10,27.40,27.48,27.25,27.32,16276766
25-Mar-10,27.46,27.59,27.32,27.40,16638648
24-Mar-10,27.61,27.68,27.30,27.31,17053186
23-Mar-10,27.36,27.67,27.20,27.65,19082630
22-Mar-10,27.24,27.42,27.20,27.27,18127330
19-Mar-10,27.07,27.53,26.80,27.38,43610768
18-Mar-10,26.95,27.02,26.87,26.98,23497480
17-Mar-10,26.91,27.00,26.80,26.92,26074316
16-Mar-10,26.90,26.94,26.78,26.85,22287648
15-Mar-10,26.86,26.92,26.68,26.82,23873882
12-Mar-10,26.84,26.88,26.63,26.68,22335368
11-Mar-10,26.89,26.89,26.50,26.80,29154626
10-Mar-10,27.13,27.18,27.02,27.10,21578064
9-Mar-10,27.17,27.30,26.98,27.09,23071280
8-Mar-10,27.36,27.44,27.16,27.23,18916536
5-Mar-10,27.34,27.48,27.18,27.35,24238520
4-Mar-10,27.35,27.52,27.16,27.24,28985272
3-Mar-10,26.65,27.06,26.59,26.96,26575144
2-Mar-10,26.69,26.84,26.58,26.65,24506136
1-Mar-10,26.61,26.68,26.40,26.64,39450796
26-Feb-10,26.54,26.54,26.12,26.36,63096744
25-Feb-10,26.57,26.79,26.30,26.56,63665866
24-Feb-10,27.50,27.59,27.34,27.58,14474086
23-Feb-10,27.70,27.80,27.40,27.42,14835498
22-Feb-10,27.90,27.93,27.64,27.69,13487482
19-Feb-10,27.90,27.95,27.59,27.86,18944650
18-Feb-10,27.58,27.96,27.58,27.96,17267968
17-Feb-10,27.40,27.78,27.38,27.66,17064572
16-Feb-10,27.26,27.41,26.96,27.41,19339344
15-Feb-10,26.99,26.99,26.99,26.99,0
12-Feb-10,26.99,26.99,26.99,26.99,0
11-Feb-10,26.80,27.16,26.64,27.11,26327126
10-Feb-10,27.30,27.30,26.58,26.90,18717406
9-Feb-10,26.84,27.49,26.68,27.00,31495982
8-Feb-10,26.64,26.64,26.28,26.32,16725218
5-Feb-10,26.62,26.72,26.26,26.54,29287906
4-Feb-10,27.28,27.34,26.70,26.72,21344376
3-Feb-10,27.46,27.48,27.26,27.44,15899402
2-Feb-10,27.26,27.60,27.08,27.52,16888614
1-Feb-10,27.26,27.28,27.00,27.19,14536172
29-Jan-10,27.22,27.47,26.95,27.12,22149018
28-Jan-10,27.36,27.42,27.06,27.09,20907948
27-Jan-10,27.00,27.33,26.85,27.26,20414672
26-Jan-10,27.04,27.25,26.94,27.07,15515000
25-Jan-10,27.24,27.27,26.94,27.18,16853166
22-Jan-10,27.18,27.43,26.99,27.12,23551608
21-Jan-10,27.78,27.79,27.10,27.18,27400624
20-Jan-10,28.08,28.20,27.64,27.75,18813290
19-Jan-10,28.11,28.24,27.96,28.21,14615206
18-Jan-10,28.14,28.14,28.14,28.14,0
15-Jan-10,28.14,28.14,28.14,28.14,0
14-Jan-10,28.52,28.62,28.38,28.56,12392514
13-Jan-10,28.43,28.72,28.34,28.52,15157758
12-Jan-10,28.04,28.50,28.03,28.44,23269606
11-Jan-10,27.58,28.22,27.40,28.14,28643528
8-Jan-10,27.73,27.82,27.38,27.58,28717474
7-Jan-10,28.16,28.18,27.88,28.10,13234530
6-Jan-10,28.18,28.22,27.99,28.16,19265472
5-Jan-10,28.42,28.50,28.07,28.18,23173028
4-Jan-10,28.58,28.61,28.45,28.52,13870548
1-Jan-10,28.00,28.00,28.00,28.00,0
31-Dec-09,28.00,28.00,28.00,28.00,0
30-Dec-09,28.87,28.95,28.74,28.84,9625142
29-Dec-09,28.72,28.98,28.72,28.87,9551172
28-Dec-09,28.70,28.79,28.64,28.72,7679410
25-Dec-09,28.72,28.72,28.72,28.72,0
24-Dec-09,28.74,28.76,28.52,28.72,5814108
23-Dec-09,28.60,28.75,28.50,28.64,10939572
22-Dec-09,28.58,28.79,28.54,28.64,12111668
21-Dec-09,28.51,28.80,28.45,28.59,14616174
18-Dec-09,28.63,28.63,28.16,28.46,37737720
17-Dec-09,29.13,29.14,28.47,28.49,25472712
16-Dec-09,29.48,29.60,29.19,29.21,19604830
15-Dec-09,29.58,29.60,29.42,29.53,15299664
14-Dec-09,29.56,29.72,29.46,29.52,16670128
11-Dec-09,29.30,29.70,29.30,29.56,30435584
10-Dec-09,28.99,29.46,28.96,29.29,30755358
9-Dec-09,28.72,28.92,28.52,28.92,19495036
8-Dec-09,28.76,28.87,28.54,28.84,18290792
7-Dec-09,28.48,29.05,28.35,28.94,16705264
4-Dec-09,28.80,29.02,28.40,28.74,24927250
3-Dec-09,29.04,29.04,28.58,28.64,20243592
2-Dec-09,28.92,29.10,28.84,28.98,13600348
1-Dec-09,28.80,29.13,28.69,29.04,15359958
30-Nov-09,28.64,28.66,28.40,28.60,18884930
27-Nov-09,28.49,28.76,28.20,28.59,15675378
26-Nov-09,29.06,29.06,29.06,29.06,0
25-Nov-09,29.18,29.18,29.00,29.06,13383020
24-Nov-09,29.22,29.22,28.93,29.10,15598152
23-Nov-09,28.86,29.18,28.86,29.12,18542284
20-Nov-09,28.34,28.84,28.34,28.74,20698672
19-Nov-09,28.12,28.49,28.02,28.44,18154338
18-Nov-09,28.46,28.50,28.14,28.29,15253038
17-Nov-09,28.32,28.46,28.22,28.44,11343930
16-Nov-09,28.32,28.54,28.22,28.37,16239676
13-Nov-09,28.03,28.35,27.95,28.23,23357790
12-Nov-09,28.06,28.19,27.92,27.97,15195974
11-Nov-09,28.03,28.14,27.87,28.06,14304802
10-Nov-09,27.68,28.10,27.62,27.90,16139960
9-Nov-09,27.30,27.75,27.08,27.74,19231198
6-Nov-09,26.98,27.25,26.90,27.24,10680340
5-Nov-09,26.76,27.24,26.72,27.20,16316262
4-Nov-09,26.71,27.00,26.52,26.74,14114282
3-Nov-09,26.82,26.84,26.38,26.56,16330324
2-Nov-09,26.76,26.96,26.58,26.86,18603758
30-Oct-09,27.03,27.14,26.56,26.66,21812256
29-Oct-09,26.76,27.06,26.58,27.04,14806996
28-Oct-09,26.62,27.00,26.62,26.76,16017144
27-Oct-09,26.62,26.96,26.54,26.73,14735084
26-Oct-09,26.54,27.15,26.36,26.62,21567630
23-Oct-09,26.96,27.08,26.56,26.62,21709950
22-Oct-09,26.79,27.14,26.70,27.08,16360924
21-Oct-09,26.91,27.34,26.85,27.04,16511714
20-Oct-09,26.80,27.08,26.59,27.04,26859494
19-Oct-09,27.57,27.75,27.34,27.40,20659978
16-Oct-09,27.46,27.60,27.34,27.50,22090606
15-Oct-09,27.36,27.60,27.18,27.46,24242974
14-Oct-09,27.46,27.52,27.30,27.42,16080868
13-Oct-09,27.38,27.48,27.28,27.40,11939782
12-Oct-09,27.42,27.62,27.26,27.40,16014282
9-Oct-09,27.34,27.45,27.13,27.32,11828208
8-Oct-09,27.50,27.50,27.16,27.30,18030244
7-Oct-09,27.43,27.64,27.16,27.40,20761398
6-Oct-09,26.90,27.32,26.83,27.16,19109674
5-Oct-09,26.90,27.00,26.65,26.90,15555566
2-Oct-09,26.53,27.04,26.46,26.94,25169330
1-Oct-09,26.70,26.85,26.52,26.56,28070882
30-Sep-09,26.66,26.98,26.30,26.85,28275776
29-Sep-09,26.70,26.77,26.60,26.66,17321072
28-Sep-09,26.52,26.82,26.45,26.56,15193554
25-Sep-09,26.16,26.64,26.14,26.48,21737434
24-Sep-09,26.29,26.57,26.12,26.17,24283880
23-Sep-09,26.47,26.58,26.08,26.29,20766060
22-Sep-09,26.66,26.66,26.36,26.42,19426656
21-Sep-09,26.74,26.88,26.39,26.50,24712118
18-Sep-09,26.84,27.06,26.65,26.88,124173802
17-Sep-09,26.25,26.72,26.21,26.71,27358448
16-Sep-09,26.22,26.41,25.95,26.34,26114966
15-Sep-09,26.04,26.29,25.82,26.22,27725546
14-Sep-09,25.54,26.24,25.46,26.08,33166894
11-Sep-09,25.06,25.87,25.00,25.76,34130468
10-Sep-09,25.26,25.40,25.08,25.29,21545164
9-Sep-09,25.20,25.40,25.12,25.32,15813210
8-Sep-09,24.97,25.40,24.86,25.20,31284164
4-Sep-09,24.65,25.04,24.52,24.98,15118544
3-Sep-09,24.82,24.92,24.62,24.79,22579938
2-Sep-09,24.28,25.15,24.28,24.90,40824184
1-Sep-09,24.36,24.62,24.19,24.26,24554642
31-Aug-09,24.42,24.68,24.25,24.38,21321428
28-Aug-09,24.81,24.82,24.46,24.53,13716036
27-Aug-09,24.59,24.82,24.38,24.72,13884764
26-Aug-09,24.41,24.66,24.35,24.59,13591826
25-Aug-09,24.56,24.58,24.34,24.37,21428148
24-Aug-09,24.90,24.90,24.40,24.53,21744678
21-Aug-09,24.80,24.99,24.62,24.96,17650556
20-Aug-09,24.70,24.79,24.56,24.71,11873070
19-Aug-09,24.16,24.74,24.16,24.68,17039412
18-Aug-09,24.38,24.48,24.24,24.30,15516780
17-Aug-09,24.22,24.40,24.06,24.35,16213556
14-Aug-09,24.02,24.24,24.00,24.24,14806258
13-Aug-09,24.22,24.32,23.71,24.06,26560606
12-Aug-09,24.48,24.54,24.22,24.23,24901360
10-Aug-09,24.63,24.74,24.49,24.72,13499118
7-Aug-09,24.83,24.88,24.58,24.67,13305676
6-Aug-09,24.70,24.78,24.60,24.70,13811860
5-Aug-09,24.76,24.80,24.50,24.58,15009938
4-Aug-09,24.78,25.08,24.68,24.75,17583186
3-Aug-09,25.02,25.05,24.65,24.80,18445538
31-Jul-09,24.82,25.10,24.75,24.92,16822850
30-Jul-09,24.91,25.25,24.78,24.84,19437958
29-Jul-09,24.71,24.97,24.54,24.64,18125090
28-Jul-09,24.72,24.88,24.50,24.70,16079470
27-Jul-09,24.68,24.80,24.58,24.76,16259010
24-Jul-09,24.70,24.82,24.42,24.68,16573820
23-Jul-09,24.56,25.01,24.44,24.59,26759536
22-Jul-09,25.16,25.17,24.42,24.56,28360342
21-Jul-09,25.42,25.42,24.90,25.18,28738996
20-Jul-09,25.30,25.52,25.04,25.52,19108344
17-Jul-09,25.16,25.28,25.02,25.16,19808742
16-Jul-09,25.18,25.44,25.08,25.40,15817636
15-Jul-09,24.74,25.29,24.70,25.26,20127004
14-Jul-09,24.51,24.68,24.37,24.64,15369038
13-Jul-09,24.19,24.59,24.05,24.52,20608804
10-Jul-09,24.25,24.44,24.01,24.16,15620218
9-Jul-09,24.36,24.42,24.26,24.36,17426930
8-Jul-09,24.28,24.44,24.08,24.26,21320980
7-Jul-09,24.36,24.58,24.28,24.32,17108824
6-Jul-09,24.34,24.52,24.19,24.50,16671728
3-Jul-09,24.44,24.44,24.44,24.44,0
2-Jul-09,24.38,24.72,24.38,24.44,22201398
1-Jul-09,24.24,24.80,24.20,24.59,24212344
30-Jun-09,24.10,24.12,23.90,24.00,31447620
29-Jun-09,24.07,24.25,24.06,24.14,17526474
26-Jun-09,23.86,24.14,23.82,24.06,26201502
25-Jun-09,23.71,24.02,23.59,23.92,20630016
24-Jun-09,24.06,24.24,23.68,23.75,17778134
23-Jun-09,24.10,24.26,23.88,23.90,18727164
22-Jun-09,24.26,24.40,24.00,24.00,21359752
19-Jun-09,24.86,24.94,24.36,24.40,30718284
18-Jun-09,24.00,24.82,23.98,24.78,24154848
17-Jun-09,23.94,24.32,23.92,23.96,16653620
16-Jun-09,24.10,24.16,23.91,23.92,15866872
15-Jun-09,24.30,24.33,24.05,24.06,17630184
12-Jun-09,24.34,24.52,24.24,24.44,17240620
11-Jun-09,24.06,24.60,24.04,24.29,20572212
10-Jun-09,24.65,24.68,24.02,24.20,28236734
9-Jun-09,24.76,24.80,24.43,24.54,20322356
8-Jun-09,24.62,24.82,24.40,24.69,15849304
5-Jun-09,24.96,24.97,24.62,24.72,19833264
4-Jun-09,24.57,24.90,24.36,24.88,21710242
3-Jun-09,24.67,24.75,24.38,24.54,26863024
2-Jun-09,24.50,24.96,24.44,24.83,33441804
1-Jun-09,24.62,24.72,24.36,24.51,42668528
29-May-09,23.50,24.58,23.48,24.58,45437414
28-May-09,23.32,23.60,23.18,23.45,18940152
27-May-09,23.56,23.60,23.27,23.32,19064908
26-May-09,23.50,23.74,23.44,23.60,28784794
25-May-09,23.60,23.60,23.60,23.60,0
22-May-09,23.34,23.86,23.32,23.65,24576226
21-May-09,23.32,23.41,23.20,23.34,28367240
20-May-09,23.40,23.64,23.27,23.50,33380962
19-May-09,23.07,23.46,22.91,23.32,31898720
18-May-09,22.57,23.06,22.34,23.04,28462834
15-May-09,22.42,22.54,22.32,22.48,34102136
14-May-09,21.96,22.58,21.96,22.45,34590142
13-May-09,22.02,22.20,21.72,21.82,23717624
12-May-09,21.48,22.34,21.43,22.20,37052012
11-May-09,21.36,21.60,21.27,21.38,18438116
8-May-09,21.48,21.58,21.26,21.46,24164240
7-May-09,21.66,21.66,21.28,21.40,27058960
6-May-09,21.75,21.80,21.38,21.47,19488538
5-May-09,21.66,21.88,21.51,21.57,22393512
4-May-09,21.30,21.62,21.12,21.58,26789272
1-May-09,21.57,21.60,21.09,21.24,21220908
30-Apr-09,21.56,22.04,21.40,21.52,35959090
29-Apr-09,21.18,21.54,21.18,21.36,20426224
28-Apr-09,21.06,21.28,21.00,21.14,18167796
27-Apr-09,21.21,21.48,21.04,21.12,23763964
24-Apr-09,21.48,21.54,21.28,21.40,29316010
23-Apr-09,21.54,21.58,21.34,21.46,28036130
22-Apr-09,21.60,21.61,21.30,21.46,28969294
21-Apr-09,22.08,22.48,21.31,21.54,37529722
20-Apr-09,22.42,22.50,21.90,22.16,27667592
17-Apr-09,22.62,22.72,22.33,22.51,22425872
16-Apr-09,22.68,22.76,22.17,22.55,17325502
15-Apr-09,22.10,22.56,22.05,22.52,16665460
14-Apr-09,22.30,22.30,21.90,22.10,16458324
13-Apr-09,22.48,22.48,22.20,22.36,13174350
10-Apr-09,22.50,22.50,22.50,22.50,0
9-Apr-09,22.86,22.86,22.41,22.50,16204268
8-Apr-09,22.34,22.57,22.26,22.50,13605098
7-Apr-09,22.42,22.58,22.23,22.31,15667298
6-Apr-09,22.35,22.62,22.27,22.50,16083982
3-Apr-09,22.68,22.88,22.24,22.48,17882968
2-Apr-09,22.65,22.91,22.32,22.67,24926658
1-Apr-09,21.88,22.50,21.75,22.43,21254646
31-Mar-09,22.14,22.36,21.93,21.98,23837562
30-Mar-09,22.25,22.33,21.72,21.96,22905760
27-Mar-09,22.22,22.60,22.22,22.55,23103820
26-Mar-09,22.48,22.50,21.91,22.42,27807778
25-Mar-09,22.20,22.44,22.02,22.38,24486720
24-Mar-09,21.80,22.17,21.70,22.01,21878966
23-Mar-09,21.58,22.07,21.50,22.07,26502410
20-Mar-09,21.16,21.57,21.16,21.32,38332330
19-Mar-09,20.92,21.12,20.90,21.09,22777722
18-Mar-09,20.65,21.12,20.50,20.82,28796276
17-Mar-09,20.67,20.84,20.41,20.72,20243282
16-Mar-09,20.73,21.00,20.56,20.64,23203840
13-Mar-09,20.54,20.72,20.22,20.61,24396640
12-Mar-09,19.79,20.43,19.68,20.42,25473808
11-Mar-09,19.58,19.98,19.52,19.78,27254208
10-Mar-09,19.82,19.84,19.32,19.58,35183602
9-Mar-09,19.74,19.94,19.36,19.38,35127820
6-Mar-09,19.08,19.60,19.05,19.55,33002808
5-Mar-09,19.58,19.72,18.72,18.92,36470966
4-Mar-09,19.62,20.16,19.42,19.86,33885488
3-Mar-09,19.90,20.15,19.38,19.42,37264414
2-Mar-09,20.22,20.36,19.81,19.84,31199634
27-Feb-09,20.48,20.65,20.22,20.42,35449964
26-Feb-09,21.38,21.38,20.50,20.54,21336284
25-Feb-09,21.47,21.64,21.08,21.18,26352744
24-Feb-09,21.36,21.60,21.10,21.53,26217926
23-Feb-09,21.51,21.60,20.96,21.04,23461626
20-Feb-09,21.48,21.74,21.19,21.42,30173030
19-Feb-09,21.56,21.86,21.34,21.65,19814474
18-Feb-09,21.39,21.52,21.12,21.34,18108694
17-Feb-09,21.50,21.60,21.22,21.30,26438370
13-Feb-09,22.10,22.19,21.84,21.92,22736544
12-Feb-09,21.32,22.22,21.08,22.20,61228772
11-Feb-09,20.48,20.80,20.48,20.64,21246608
10-Feb-09,21.00,21.16,20.14,20.34,45494674
9-Feb-09,21.66,21.68,21.00,21.16,19690368
6-Feb-09,21.36,21.84,21.33,21.78,18723604
5-Feb-09,21.11,21.44,20.96,21.34,22119758
4-Feb-09,21.68,21.78,21.14,21.20,18308810
3-Feb-09,21.25,21.75,20.99,21.66,17951784
2-Feb-09,21.10,21.25,20.76,21.12,15967012
30-Jan-09,21.72,21.84,21.26,21.36,22607244
29-Jan-09,21.85,22.24,21.67,21.78,21362572
28-Jan-09,22.00,22.00,21.62,21.93,18563936
27-Jan-09,21.64,21.96,21.50,21.66,19822660
26-Jan-09,21.15,21.69,21.06,21.52,25212948
23-Jan-09,21.32,21.33,20.78,21.10,31256016
22-Jan-09,21.32,21.62,21.15,21.56,23490478
21-Jan-09,21.70,21.72,21.08,21.64,23800776
20-Jan-09,21.89,22.25,21.44,21.44,28332084
16-Jan-09,21.95,22.24,21.74,21.92,28353182
15-Jan-09,21.28,21.70,21.20,21.68,28061762
14-Jan-09,21.75,21.76,21.14,21.31,27053644
13-Jan-09,21.90,22.16,21.81,22.01,22602308
12-Jan-09,22.23,22.34,21.76,21.86,20469708
9-Jan-09,22.62,22.63,22.12,22.30,19802336
8-Jan-09,22.42,22.64,22.28,22.62,20086828
7-Jan-09,22.11,22.59,22.11,22.46,21581122
6-Jan-09,22.85,22.98,22.23,22.36,21313642
5-Jan-09,22.78,22.94,22.59,22.72,20237482
2-Jan-09,22.70,23.00,22.52,22.95,16355768
1-Jan-09,22.64,22.64,22.64,22.64,0
31-Dec-08,22.58,22.75,22.53,22.64,15550348
30-Dec-08,22.31,22.57,22.27,22.46,16001948
29-Dec-08,22.43,22.43,21.86,22.20,13951742
26-Dec-08,22.20,22.46,22.14,22.29,9626676
